{"cameraMode":{"drawMode":0,"name":"Shaded","section":"Shading Mode"},"sceneLighting":true,"audioPlay":false,"sceneViewState":{"m_AlwaysRefresh":false,"showFog":true,"showSkybox":true,"showFlares":true,"showImageEffects":true,"showParticleSystems":true,"showVisualEffectGraphs":true,"m_FxEnabled":true},"in2DMode":false,"pivot":{"x":9.268393516540528,"y":1.6799660921096802,"z":96.9043960571289},"rotation":{"x":-0.0003087110526394099,"y":-0.03839341178536415,"z":0.0000049089003368862908,"w":-0.9992589354515076},"size":52.70298385620117,"orthographic":false}