{"cameraMode":{"drawMode":0,"name":"Shaded","section":"Shading Mode"},"sceneLighting":false,"audioPlay":false,"sceneViewState":{"m_AlwaysRefresh":false,"showFog":true,"showSkybox":false,"showFlares":true,"showImageEffects":true,"showParticleSystems":true,"showVisualEffectGraphs":true,"m_FxEnabled":true},"in2DMode":false,"pivot":{"x":1.042972445487976,"y":2.329530715942383,"z":-8.356689453125},"rotation":{"x":-0.11555077880620957,"y":0.0005931290215812624,"z":-0.00006901822052896023,"w":-0.9933021068572998},"size":17.342370986938478,"orthographic":false}